"Άνθρωποι, Κοινότητες και Γεγονότα Ζωής",Δημόσια Τάξη και Άμυνα,Διεθνείς Υποθέσεις και Ευρωπαϊκή Ένωση,"Δικαιοσύνη, Πολιτεία και Δημόσια Διοίκηση",Εκπαίδευση και Έρευνα_Ανώτατη και ανώτερη εκπαίδευση,"Εργασία, Ασφάλιση και Σύνταξη",Επιχειρηματικότητα,"Μέσα Μεταφοράς, Ταξίδια και Τουρισμός",Οικονομία και Οικονομικά,Περιβάλλον και Φυσικοί Πόροι,Πληροφορία και Επικοινωνία,Πολεοδομία και Κτηματολόγιο,Πολιτισμός και Ελεύθερος Χρόνος,Υγεία και Κοινωνική Μέριμνα
Αλλαγή διεύθυνσης,Αντιρρησίας συνείδησης,Αλλοδαποί στην Ελλάδα,Αναζήτηση πιστοποιητικών, Εκπαίδευση και Έρευνα,Aνεργία,Ανθρώπινο δυναμικό,Visas,Βιομηχανία,Αιγιαλός,Tηλεπικοινωνίες,Αυθαίρετα,Άθληση,Αναπηρία
Ανάδοχος Οικογένεια,Αστυνομία,Δημόσιες συμβάσεις,Αναζήτηση Φορέων,Ακαδημία Αθηνών,Άδειες,Έλεγχοι και κυρώσεις,Άδειες κυκλοφορίας,Δάνεια,Αλιεία,Ηλεκτρονική επικοινωνία,Διατηρητέα,Αθλητική νομοθεσία,Διατροφή
Ανέγερση κατοικίας,Εκρηκτικές ύλες,Διακρατικές συμφωνίες,Αστικό Δίκαιο,Αναγνώριση τίτλων,Αναζήτηση εργασίας,Επαγγελματική στέγη,Άδειες μηχανημάτων,Εμπόριο,Ανανεώσιμες πηγές ενέργειας,Λειτουργία τηλεπικοινωνιών,Κατεδάφιση κτιρίων,Αρχαιολογικοί χώροι,Δωρεά οργάνων
Απόκτηση κατοικίας,Εναλλακτική θητεία,Διεθνείς σχέσεις (γενικά),Δικαιοσύνη,Βεβαιώσεις σπουδών,Απόλυση,Επιχειρηματικότητα,Άδειες οδήγησης,Επιδόματα αναπηρίας,Αξιοποίηση φυσικών πόρων,Μέσα και τύπος,Κτηματολόγιο,Αρχαιότητες,Εμβόλια
Απροστάτευτα παιδιά,Ένοπλες δυνάμεις,Διπλωματική προστασία,Δικαστήρια,Γεωργική εκπαίδευση,Αργίες,Επιχειρησιακά προγράμματα,Αεροπορικές συγκοινωνίες,Επιδόματα ασθένειας,Απαγόρευση κυνηγιού,Προστασία δεδομένων,Κτηματολόγιο και οικόπεδα,Βιβλιοθήκες,Κανόνες υγιεινής
Αριθμός Μητρώου Κοινωνικής Ασφάλισης,Λιμενικό σώμα,Εκπαίδευση στην Ευρωπαϊκή Ένωση,Δικαστικές αποφάσεις,Διαπολιτισμική εκπαίδευση,Άσκηση επαγγέλματος,Επιχορηγήσεις επιχειρήσεων,Αστικές συγκοινωνίες,Επιδόματα ενοικίου,Άρδευση,Τεχνολογίες επικοινωνίας,Κτιριακές εγκαταστάσεις,Διασκέδαση,Κοινωνική πολιτική
Αριθμός Φορολογικού Μητρώου,Όπλα,Έλληνες στο εξωτερικό,Δίκες και δικάσιμοι,Διδακτορικές σπουδές,Ασφάλιση  ΙΚΑ-ΕΤΑΜ,Κλείσιμο επιχείρησης,Δακτύλιος,Επιδόματα και χρηματικά βοηθήματα,Γεωργία,Τεχνολογίες πληροφορικής,Οικισμοί,Διασκέδαση και ψυχαγωγία,Κοινωνική Πρόνοια
Αστυνομική ταυτότητα,Πυροσβεστική,Επιχειρηματική δραστηριότητα στην Ευρωπαϊκή Ένωση,Διοικητικές διαδικασίες,Διδασκαλία ξένων γλωσσών,Ασφάλιση δημοσίου,Μετατροπή επιχείρησης,Διαβατήρια,Εποχιακά βοηθήματα,Δάση,Τεχνολογίες πληροφορικής και επικοινωνίας,Οικοδομικές άδειες,Εθελοντισμός,Νοσηλεία
Γάμος,Στρατιωτικές σχολές,Εργασία στην Ευρωπαϊκή Ένωση,Έγκλημα,Εγγραφή στην εκπαίδευση,Ασφάλιση μετοχικών ταμείων,Συγχώνευση επιχείρησης,Διαγραφή οχημάτων,Ηλεκτρονική υποβολή,Δασοκομία,Τηλεπικοινωνιακά τέλη,Οικόπεδα,Ελεύθερος Χρόνος,Πιστοποιητικά υγείας
Γέννηση,Στρατιωτική θητεία,Ευρωπαϊκή Ένωση (γενικά),Εκλογές (γενικά),Ειδική αγωγή,Ασφάλιση ΟΑΕΕ,Σύσταση και λειτουργία εταιρίας,Διαχείριση κυκλοφορίας,Κατασκευές,Διαχείριση αποβλήτων,Τηλεπικοινωνιακές συνδέσεις,Πολεοδομία,Θέατρα,Προστασία καταναλωτών
Γνήσιο υπογραφής,Στρατολογική νομοθεσία,Ευρωπαϊκή Επιτροπή,Εκλογική νομοθεσία,Εισαγωγή στην ανώτατη εκπαίδευση,Ασφάλιση ΟΑΠ - ΔΕΗ,,Εισιτήρια,Κλάδοι οικονομικής δραστηριότητας,Ενέργεια,Υπηρεσίες πιστοποίησης,Πολεοδομικές μελέτες,Μουσεία,Σύστημα υγείας
Δημοτολόγιο,,Ευρωπαϊκή ιθαγένεια,Εκλογικοί κατάλογοι,Εκκλησιαστική εκπαίδευση,Ασφάλιση ΟΓΑ,,Έλεγχος συμπεριφοράς οδηγών,Κώδικας Βιβλίων και Στοιχείων,Ζώα,,Ρυμοτομία,Πινακοθήκες,Τρόφιμα και ποτά
Διαζύγιο,,Οδηγία των επαγγελματικών προσόντων,Ένδικα μέσα,Εκμάθηση ξένων γλωσσών,Ασφάλιση Ταμείο Νομικών και ΚΕΑΔ,,Εμπορευματικές μεταφορές,Λοιπά επιδόματα,Ηλεκτρική ενέργεια,,Συντήρηση κτιρίων,Πολιτισμός και δημιουργία,Υγεία γενικά
Ενοικίαση κατοικίας,,Οδηγία των Υπηρεσιών,Επικύρωση εγγράφων,Εκπαίδευση ενηλίκων,Ασφάλιση ΤΑΞΥ,,Επαγγελματικές άδειες,Ναυτιλία,Καύσιμα,,σχέδιο πόλης,Πολιτιστικοί χώροι (γενικά),Υγεία και υγιεινή
Επισκευή κατοικίας,,Πολιτικό Άσυλο,Εφημερίδα της κυβέρνησης,Εκπαιδευτικά ιδρύματα,Ασφάλιση ΤΑΠΟΤΕ,,Κοινωνικός τουρισμός,Ξενοδοχεία και εστιατόρια,Κτηνοτροφία,,,Τυχερά παιχνίδια,Φάρμακα
Επώνυμο,,Προξενικές πράξεις,Ηλεκτρονική διακυβέρνηση,Επαγγελματική εκπαίδευση,Ασφάλιση ΤΕΑΥΕΚ,,Κώδικας Οδικής Κυκλοφορίας,Οικογενειακά επιδόματα,Λατομεία,,,,Φιλανθρωπία
Εργατική κατοικία,,Συνθήκη Σένγκεν,Κληρονομικό δίκαιο,Επιμόρφωση εκπαιδευτικών,Ασφάλιση ΤΣΑΥ,,Λεωφορεία και φορτηγά,Οφειλές,Λίμνες,,,,
Ηλεκτροδότηση,,Σφραγίδα Χάγης,Κυβέρνηση,Εργασία στην Ανώτερη και Ανώτατη εκπαίδευση,Ασφάλιση ΤΣΜΕΔΕ,,Μέσα μαζικής μεταφοράς,Παροχή υπηρεσιών,Μελισσοκομία,,,,
Ηλικία,,,Κώδικας διοικητικής διαδικασίας,Εργασία στην Πρωτοβάθμια και Δευτεροβάθμια εκπαίδευση,Ασφαλιστικές παροχές,,Μεταβίβαση οχημάτων,Συνάλλαγμα,Μεταλλεία,,,,
Θάνατος,,,Νομική βοήθεια,Ιδιωτική εκπαίδευση,Βιβλιάρια υγείας,,Μηχανήματα,Τελωνεία,Οριοθετήσεις,,,,
Θέρμανση,,,Νομική εκπροσώπηση,Ινστιτούτα Επαγγελματικής Κατάρτισης,Διοικητικά επαγγέλματα,,Ναυσιπλοΐα,Φόροι,Ορυχεία,,,,
Ιθαγένεια,,,Οικογενειακό δίκαιο,Μεταδιδακτορικές Σπουδές,Ειδικές κατηγορίες ασφάλισης,,Ναυτικά φυλλάδια,Φορολογία,Ποτάμια,,,,
Κηδεμονία,,,Οργάνωση δημοσίων φορέων,Μεταπτυχιακές σπουδές,ΕΟΠΠΥ,,Οδήγηση,Φορολογία εισοδήματος,Προστασία περιβάλλοντος,,,,
Κοινωνική ένταξη,,,Ποινική δίωξη,Μετεγγραφές,Επαγγέλματα εκπαίδευσης,,Οδική ασφάλεια,Φορολογία επιχειρήσεων,Προστασία περιβάλλοντος (γενικά),,,,
Μεταδημότευση,,,Ποινικό δίκαιο,Ναυτική εκπαίδευση,Επαγγέλματα εφαρμοσμένης μηχανικής,,Οχήματα,Φορολογία κεφαλαίου,Πτηνοτροφία,,,,
Μετανάστευση,,,Ποινικό μητρώο,Ξένες γλώσσες (γενικά),Επαγγέλματα θετικών επιστημών,,Οχήματα (γενικά),Φόρος Προστιθέμενης Αξίας,Ρυάκια,,,,
Μονογονεϊκή οικογένεια,,,Σύνταγμα της Ελλάδας,Πιστοποιητικά ξένων γλωσσών,Επαγγέλματα πληροφορικής,,Πινακίδες,Χρηματοπιστωτικοί οργανισμοί,Ρύπανση,,,,
Οικογενειακές παροχές,,,,Πτυχία,Επαγγέλματα υγείας,,Πλοία,,Τάφροι,,,,
Οικογενειακή κατάσταση,,,,Σχολεία,Επαγγελματική κατάρτιση,,Σιδηροδρομικές συγκοινωνίες,,Υδατικοί πόροι,,,,
Ομογένεια,,,,Σχολές μαθητείας ΟΑΕΔ,Εργασία στο δημόσιο,,Σκάφη,,Υλοτομία,,,,
Ονοματοδοσία,,,,Τεχνικές σχολές,Εργασιακά δικαιώματα,,Στάθμευση,,Υπόγεια ύδατα,,,,
Πολυτεκνία,,,,Υποτροφίες,Εργασιακά έγγραφα,,Ταξί,,Φυτά,,,,
Τηλεφωνική σύνδεση,,,,Φοιτητικές παροχές,Εργασιακή εμπειρία,,Ταξίδια,,Χείμαρροι,,,,
Ύδρευση και αποχέτευση,,,,,ΕΤΑΑ,,Ταξίδια και τουρισμός,,Χλωρίδα και πανίδα,,,,
Υιοθεσία,,,,,Εύρεση εργασίας,,Τέλη κυκλοφορίας,,,,,,
Φροντίδα παιδιών,,,,,Εφεδρεία,,Τεχνικός έλεγχος οχημάτων,,,,,,
,,,,,Καλλιτεχνικά επαγγέλματα,,Τουρισμός,,,,,,
,,,,,Κοινωνικά επαγγέλματα,,Υπεραστικές συγκοινωνίες,,,,,,
,,,,,Κοινωνική ασφάλιση,,,,,,,,
,,,,,Κοινωνική ασφάλιση (γενικά),,,,,,,,
,,,,,Λοιπά επαγγέλματα,,,,,,,,
,,,,,Ναυτικά επαγγέλματα,,,,,,,,
,,,,,Νομικά επαγγέλματα,,,,,,,,
,,,,,Οικονομικά επαγγέλματα,,,,,,,,
,,,,,Όροι και συνθήκες,,,,,,,,
,,,,,Περιβαλλοντικά επαγγέλματα,,,,,,,,
,,,,,Προκηρύξεις,,,,,,,,
,,,,,Προσλήψεις,,,,,,,,
,,,,,Συλλογικές συμβάσεις εργασίας,,,,,,,,
,,,,,Συντάξεις αναπηρίας,,,,,,,,
,,,,,Συντάξεις γήρατος,,,,,,,,
,,,,,Συντάξεις δημοσίου,,,,,,,,
,,,,,Συντάξεις ειδικών κατηγοριών,,,,,,,,
,,,,,Συντάξεις θανάτου,,,,,,,,
,,,,,Συντάξεις ΙΚΑ,,,,,,,,
,,,,,Συντάξεις μετοχικών ταμείων,,,,,,,,
,,,,,Συντάξεις ΝΑΤ,,,,,,,,
,,,,,Συντάξεις ΟΑΕΕ,,,,,,,,
,,,,,Συντάξεις ΟΑΠ - ΔΕΗ,,,,,,,,
,,,,,Συντάξεις ΟΓΑ,,,,,,,,
,,,,,Συντάξεις πολυτέκνων,,,,,,,,
,,,,,Συντάξεις Ταμείο Νομικών - ΚΕΑΔ,,,,,,,,
,,,,,Συντάξεις ΤΑΠΟΤΕ,,,,,,,,
,,,,,Συντάξεις ΤΕΑΥΕΚ,,,,,,,,
,,,,,Συντάξεις ΤΣΑΥ,,,,,,,,
,,,,,Συντάξεις ΤΣΜΕΔΕ,,,,,,,,
,,,,,Συνταξιοδότηση,,,,,,,,
,,,,,Τεχνικά επαγγέλματα,,,,,,,,
,,,,,Υγειονομική περίθαλψη,,,,,,,,